{
  "prepare_queue": {
    "installed": [],
    "uninstalled": []
  },
  "config_munge": {
    "files": {
      "res/xml/config.xml": {
        "parents": {
          "/*": [
            {
              "xml": "<feature name=\"Whitelist\"><param name=\"android-package\" value=\"org.apache.cordova.whitelist.WhitelistPlugin\" /><param name=\"onload\" value=\"true\" /></feature>",
              "count": 1
            },
            {
              "xml": "<feature name=\"StatusBar\"><param name=\"android-package\" value=\"org.apache.cordova.statusbar.StatusBar\" /><param name=\"onload\" value=\"true\" /></feature>",
              "count": 1
            },
            {
              "xml": "<feature name=\"Device\"><param name=\"android-package\" value=\"org.apache.cordova.device.Device\" /></feature>",
              "count": 1
            },
            {
              "xml": "<feature name=\"SplashScreen\"><param name=\"android-package\" value=\"org.apache.cordova.splashscreen.SplashScreen\" /><param name=\"onload\" value=\"true\" /></feature>",
              "count": 1
            },
            {
              "xml": "<feature name=\"InAppBrowser\"><param name=\"android-package\" value=\"org.apache.cordova.inappbrowser.InAppBrowser\" /></feature>",
              "count": 1
            },
            {
              "xml": "<feature name=\"SpinnerDialog\"><param name=\"android-package\" value=\"com.greybax.spinnerdialog.SpinnerDialog\" /></feature>",
              "count": 1
            },
            {
              "xml": "<feature name=\"IonicDeeplinkPlugin\"><param name=\"android-package\" value=\"io.ionic.links.IonicDeeplink\" /><param name=\"onload\" value=\"true\" /></feature>",
              "count": 1
            }
          ]
        }
      },
      "config.xml": {
        "parents": {
          "/*": [
            {
              "xml": "<allow-navigation href=\"http://localhost:8080/*\" />",
              "count": 1
            },
            {
              "xml": "<preference name=\"webView\" value=\"com.ionicframework.cordova.webview.IonicWebViewEngine\" />",
              "count": 1
            },
            {
              "xml": "<feature name=\"IonicWebView\"><param name=\"android-package\" value=\"com.ionicframework.cordova.webview.IonicWebView\" /></feature>",
              "count": 1
            },
            {
              "xml": "<feature name=\"Keyboard\"><param name=\"android-package\" onload=\"true\" value=\"io.ionic.keyboard.IonicKeyboard\" /></feature>",
              "count": 1
            }
          ]
        }
      },
      "AndroidManifest.xml": {
        "parents": {
          "/manifest/application/activity": [
            {
              "xml": "<intent-filter><action android:name=\"android.intent.action.VIEW\" /><category android:name=\"android.intent.category.DEFAULT\" /><category android:name=\"android.intent.category.BROWSABLE\" /><data android:scheme=\"myapp\" /></intent-filter>",
              "count": 1
            },
            {
              "xml": "<intent-filter android:autoVerify=\"true\"><action android:name=\"android.intent.action.VIEW\" /><category android:name=\"android.intent.category.DEFAULT\" /><category android:name=\"android.intent.category.BROWSABLE\" /><data android:host=\"audiodeadline.com\" android:pathPrefix=\"/\" android:scheme=\"https\" /><data android:host=\" \" android:pathPrefix=\"/\" android:scheme=\" \" /><data android:host=\" \" android:pathPrefix=\"/\" android:scheme=\" \" /><data android:host=\" \" android:pathPrefix=\"/\" android:scheme=\" \" /><data android:host=\" \" android:pathPrefix=\"/\" android:scheme=\" \" /></intent-filter>",
              "count": 1
            }
          ]
        }
      }
    }
  },
  "installed_plugins": {
    "cordova-plugin-whitelist": {
      "PACKAGE_NAME": "io.ionic.starter"
    },
    "cordova-plugin-statusbar": {
      "PACKAGE_NAME": "io.ionic.starter"
    },
    "cordova-plugin-device": {
      "PACKAGE_NAME": "io.ionic.starter"
    },
    "cordova-plugin-splashscreen": {
      "PACKAGE_NAME": "io.ionic.starter"
    },
    "cordova-plugin-ionic-webview": {
      "PACKAGE_NAME": "io.ionic.starter"
    },
    "cordova-plugin-ionic-keyboard": {
      "PACKAGE_NAME": "io.ionic.starter"
    },
    "cordova-plugin-inappbrowser": {
      "PACKAGE_NAME": "io.ionic.starter"
    },
    "cordova-plugin-native-spinner": {
      "PACKAGE_NAME": "io.ionic.starter"
    },
    "ionic-plugin-deeplinks": {
      "URL_SCHEME": "myapp",
      "DEEPLINK_SCHEME": "https",
      "DEEPLINK_HOST": "audiodeadline.com",
      "ANDROID_PATH_PREFIX": "/",
      "ANDROID_2_PATH_PREFIX": "/",
      "ANDROID_3_PATH_PREFIX": "/",
      "ANDROID_4_PATH_PREFIX": "/",
      "ANDROID_5_PATH_PREFIX": "/",
      "DEEPLINK_2_SCHEME": " ",
      "DEEPLINK_2_HOST": " ",
      "DEEPLINK_3_SCHEME": " ",
      "DEEPLINK_3_HOST": " ",
      "DEEPLINK_4_SCHEME": " ",
      "DEEPLINK_4_HOST": " ",
      "DEEPLINK_5_SCHEME": " ",
      "DEEPLINK_5_HOST": " ",
      "PACKAGE_NAME": "io.ionic.starter"
    }
  },
  "dependent_plugins": {},
  "modules": [
    {
      "id": "cordova-plugin-statusbar.statusbar",
      "file": "plugins/cordova-plugin-statusbar/www/statusbar.js",
      "pluginId": "cordova-plugin-statusbar",
      "clobbers": [
        "window.StatusBar"
      ]
    },
    {
      "id": "cordova-plugin-device.device",
      "file": "plugins/cordova-plugin-device/www/device.js",
      "pluginId": "cordova-plugin-device",
      "clobbers": [
        "device"
      ]
    },
    {
      "id": "cordova-plugin-splashscreen.SplashScreen",
      "file": "plugins/cordova-plugin-splashscreen/www/splashscreen.js",
      "pluginId": "cordova-plugin-splashscreen",
      "clobbers": [
        "navigator.splashscreen"
      ]
    },
    {
      "id": "cordova-plugin-ionic-webview.IonicWebView",
      "file": "plugins/cordova-plugin-ionic-webview/src/www/util.js",
      "pluginId": "cordova-plugin-ionic-webview",
      "clobbers": [
        "Ionic.WebView"
      ]
    },
    {
      "id": "cordova-plugin-ionic-keyboard.keyboard",
      "file": "plugins/cordova-plugin-ionic-keyboard/www/android/keyboard.js",
      "pluginId": "cordova-plugin-ionic-keyboard",
      "clobbers": [
        "window.Keyboard"
      ]
    },
    {
      "id": "cordova-plugin-inappbrowser.inappbrowser",
      "file": "plugins/cordova-plugin-inappbrowser/www/inappbrowser.js",
      "pluginId": "cordova-plugin-inappbrowser",
      "clobbers": [
        "cordova.InAppBrowser.open",
        "window.open"
      ]
    },
    {
      "id": "cordova-plugin-native-spinner.SpinnerDialog",
      "file": "plugins/cordova-plugin-native-spinner/www/SpinnerDialog.js",
      "pluginId": "cordova-plugin-native-spinner",
      "clobbers": [
        "SpinnerDialog"
      ]
    },
    {
      "id": "ionic-plugin-deeplinks.deeplink",
      "file": "plugins/ionic-plugin-deeplinks/www/deeplink.js",
      "pluginId": "ionic-plugin-deeplinks",
      "clobbers": [
        "IonicDeeplink"
      ],
      "runs": true
    }
  ],
  "plugin_metadata": {
    "cordova-plugin-whitelist": "1.3.3",
    "cordova-plugin-statusbar": "2.4.2",
    "cordova-plugin-device": "2.0.2",
    "cordova-plugin-splashscreen": "5.0.2",
    "cordova-plugin-ionic-webview": "2.1.3",
    "cordova-plugin-ionic-keyboard": "2.1.2",
    "cordova-plugin-inappbrowser": "3.0.0",
    "cordova-plugin-native-spinner": "1.1.3",
    "ionic-plugin-deeplinks": "1.0.17"
  }
}